"CH4_GC_headspace_ppm","CO2_GC_headspace_ppm","CH4_standard_dev","CO2_standard_dev","CH4_tvalue","CO2_tvalue","CH4_umolL","CO2_umolL"
1.83186521675607,294.955374075104,0.777663200664184,125.214419793686,2.35560229054367,2.35560229054367,0.00947251548058703,7.90037309861072
